vendor_name,vendor_url,product_name,product_url,legal_vendor_name,official_vendor_website,acquiring_company,wikipedia_link,linkedin_profile,founded_year,product_type,product_users,product_tasks,product_features,taxonomy_match_1,taxonomy_match_2,attribute_1,attribute_2,attribute_3,platform_1,platform_2,errors,row_id
Ascensio System SIA,onlyoffice.com,ONLYOFFICE Docs,https://www.onlyoffice.com/office-suite.aspx,Ascensio System SIA,https://www.onlyoffice.com,N/A,N/A,https://www.linkedin.com/company/ascensio-system-sia,2009,Office Suite Software,"Business Teams, Enterprise Organizations, Individual Users, Educational Institutions","create and edit documents, create and edit spreadsheets, create and edit presentations, collaborate on files in real-time, share documents, manage document access permissions, add comments and track changes, fill out forms","document editing, spreadsheet calculations, presentation creation, real-time collaboration, version history, document conversion, digital signatures, form filling, PDF editing, cross-platform compatibility, integration with cloud storage, mobile access, GDPR compliance, white-labeling options, API support",N/A,N/A,N/A,N/A,N/A,Software,SaaS,None,row_0
"CyberArk Software, Ltd.",cyberark.com,CyberArk Workforce Identity,https://www.cyberark.com/products/workforce-identity/,CyberArk Software Ltd.,https://www.cyberark.com,N/A,https://en.wikipedia.org/wiki/CyberArk,https://www.linkedin.com/company/cyber-ark-software,1999,Identity and Access Management Platform,"Enterprise IT Teams, Security Administrators, Corporate Employees","Single sign-on to applications, Multi-factor authentication, Password management, Access request and approval, Self-service password reset, Application access management","Single Sign-On (SSO), Multi-Factor Authentication (MFA), Identity Lifecycle Management, Adaptive Authentication, Directory Services, Policy Management, User Provisioning, Access Certification, Password Management, Risk Analytics, Cloud Directory Services, Mobile MFA",N/A,N/A,N/A,N/A,N/A,Software,SaaS,None,row_1
"TriNet Group, Inc.",trinet.com,TriNet HR Plus,https://www.trinet.com/solutions/hr-plus,"TriNet Group, Inc.",https://www.trinet.com,N/A,https://en.wikipedia.org/wiki/TriNet,https://www.linkedin.com/company/trinet,1988,HR Management System,"Small and Medium-Sized Businesses, Business Owners, HR Managers","manage payroll processing, handle employee benefits administration, track employee time and attendance, manage HR compliance, access HR documentation, conduct employee onboarding, manage performance reviews","payroll services, benefits administration, HR compliance support, risk mitigation, employee self-service portal, HR documentation library, time and attendance tracking, performance management tools, recruiting assistance, employee training resources, workplace safety guidance, HR consulting services",N/A,N/A,N/A,N/A,N/A,Software,SaaS,None,row_2
"Arcoro, Inc.",arcoro.com,Arcoro HR,https://arcoro.com/platform/manage/hr-management,"Arcoro, Inc.",https://arcoro.com,N/A,N/A,https://www.linkedin.com/company/arcoro,2018,HR Management System,"HR Professionals, Business Owners, HR Managers, Mid-sized Companies","manage employee records, track time off, process payroll, handle benefits administration, generate HR reports, store employee documents, manage compliance requirements","employee database management, document storage, compliance tracking, benefits administration, reporting and analytics, employee self-service portal, automated workflows, time-off tracking, onboarding tools, performance management integration",N/A,N/A,N/A,N/A,N/A,Software,SaaS,None,row_3
Broadvoice,broadvoice.com,Broadvoice | GoContact,https://www.gocontact.com/,Broadvoice LLC,https://www.broadvoice.com,N/A,N/A,https://www.linkedin.com/company/broadvoice,2006,Cloud Contact Center Solution,"Contact Center Managers, Customer Service Teams, Sales Teams, Enterprise Organizations","manage customer interactions, handle inbound/outbound calls, monitor agent performance, generate reports, schedule workforce, manage multichannel communications, analyze customer data, create automated workflows","omnichannel communication, real-time analytics, AI-powered automation, workforce management, quality monitoring, CRM integration, IVR system, predictive dialing, call recording, performance analytics, custom reporting, voice recognition, automated call distribution",N/A,N/A,N/A,N/A,N/A,Software,SaaS,None,row_4
"MasterControl, Inc.",mastercontrol.com,MasterControl Quality Excellence,https://www.mastercontrol.com/quality/,"MasterControl, Inc.",https://www.mastercontrol.com,N/A,N/A,https://www.linkedin.com/company/mastercontrol,1993,Quality Management System (QMS) Software,"Manufacturing Companies, Life Sciences Organizations, Regulatory Teams, Quality Managers, Compliance Officers","document control, quality event management, audit management, training tracking, CAPA management, supplier quality management, risk assessment, quality data analysis, compliance reporting, process validation","automated document control, electronic signatures, audit trail tracking, configurable workflows, regulatory compliance tools, quality event tracking, corrective action management, supplier quality portal, risk management tools, analytics dashboard, mobile access, integration capabilities, validation-ready platform, cloud-based deployment",N/A,N/A,N/A,N/A,N/A,Software,SaaS,None,row_5
"Klipfolio, Inc.",klipfolio.com,Klipfolio Klips,https://www.klipfolio.com/klips,Klipfolio Inc.,https://www.klipfolio.com,N/A,N/A,https://www.linkedin.com/company/klipfolio,2001,Business Intelligence and Data Visualization Platform,"Business Analysts, Data Analysts, Marketing Teams, Business Leaders, Small to Medium Business Owners","create real-time dashboards, monitor KPIs, visualize business metrics, connect to multiple data sources, share reports, customize data visualizations","pre-built metrics library, drag-and-drop interface, real-time data updates, multiple data source integration, customizable visualizations, data filtering, automated reporting, mobile accessibility, data sharing capabilities, interactive dashboards",N/A,N/A,N/A,N/A,N/A,Software,SaaS,None,row_6
"Cisco Systems, Inc.",cisco.com,Cisco Meraki Go,https://www.meraki-go.com/,"Cisco Systems, Inc.",https://www.cisco.com,N/A,https://en.wikipedia.org/wiki/Cisco,https://www.linkedin.com/company/cisco,1984,Network Management Platform,"Small Business Owners, Small Office Managers","manage WiFi networks, monitor network usage, set up guest WiFi, block unwanted content, view connected devices, manage multiple locations, configure security settings, track network performance","cloud management, mobile app control, WiFi access points, security gateway, network monitoring, content filtering, guest WiFi portal, remote management, automatic firmware updates, network analytics",N/A,N/A,N/A,N/A,N/A,Software,SaaS,None,row_7
"Intuit, Inc.",intuit.com,QuickBooks Desktop Premier,https://quickbooks.intuit.com/oidam/intuit/sbseg/en_us/quickbooks-desktop/web/content/quickbooks-desktop-manual%20%281%29.pdf,Intuit Inc.,https://www.intuit.com,N/A,https://en.wikipedia.org/wiki/Intuit,https://www.linkedin.com/company/intuit,1983,Accounting Software,"Small to Medium-sized Business Owners, Accountants, Bookkeepers","Create invoices, Track expenses, Manage payroll, Generate financial reports, Track inventory, Process payments, Manage bills, Create purchase orders, Track sales","Industry-specific tools, Advanced reporting, Inventory management, Job costing, Sales orders, Purchase orders, Balance sheet by class, Forecasting, Employee time tracking, Company snapshots, Customizable forms, Multi-user access, Backup and recovery",N/A,N/A,N/A,N/A,N/A,Software,SaaS,None,row_8
"NAVEX Global, Inc.",navex.com,NAVEX One,https://www.navex.com/en-us/resources/products/navex-one/,"NAVEX Global, Inc.",https://www.navex.com,BC Partners,N/A,https://www.linkedin.com/company/navex-global,2012,Integrated Risk and Compliance Management Platform,"Risk Management Professionals, Compliance Officers, Corporate Ethics Teams, HR Managers, Enterprise Organizations","manage compliance programs, track incidents and cases, conduct risk assessments, manage policies, deliver training, monitor third parties, track ESG initiatives, generate compliance reports","ethics and compliance management, incident management, policy and procedure management, training and learning management, third party risk management, ESG program management, integrated reporting and analytics, automated workflows, centralized dashboard, risk assessment tools",N/A,N/A,N/A,N/A,N/A,Software,SaaS,None,row_9
"Nextiva, Inc.",nextiva.com,Nextiva Contact Center,https://www.nextiva.com/support/articles/nextiva-contact-center-contacts.html,"Nextiva, Inc.",https://www.nextiva.com,N/A,N/A,https://www.linkedin.com/company/nextiva,2006,Contact Center Software,"Customer Service Teams, Call Center Managers, Business Support Teams","manage customer contacts, track customer interactions, handle customer communications, route calls, monitor agent performance, generate reports","contact management, call routing, IVR system, real-time analytics, performance monitoring, omnichannel communication, reporting tools, customer interaction history, queue management, automated call distribution",N/A,N/A,N/A,N/A,N/A,Software,SaaS,None,row_10
"Lenovo Group, Ltd.",lenovo.com,Lenovo ThinkSystem ST Series,https://www.lenovo.com/in/en/p/servers-storage/servers/towers/thinksystem-st50/,Lenovo Group Limited,https://www.lenovo.com,N/A,https://en.wikipedia.org/wiki/Lenovo,https://www.linkedin.com/company/lenovo,1984,Tower Server,"Small Business Owners, Remote Office Workers, Retail Environments","file sharing, web serving, basic virtualization, office productivity applications, entry cloud applications","Intel Xeon E-2200 processor support, up to 128GB memory capacity, multiple storage options, integrated Intel AMT for remote management, compact tower form factor, whisper-quiet operation, USB 3.1 Gen 1 ports, PCIe slots for expansion",N/A,N/A,N/A,N/A,N/A,Software,SaaS,None,row_11
"Optimizely, Inc.",optimizely.com,Optimizely One,https://www.optimizely.com/products/,"Optimizely, Inc.",https://www.optimizely.com,Episerver,https://en.wikipedia.org/wiki/Optimizely,https://www.linkedin.com/company/optimizely,2010,Digital Experience Platform,"Marketing Teams, Digital Product Teams, Content Managers, Enterprise Businesses","run A/B tests, personalize content, manage digital content, analyze customer data, create marketing campaigns, experiment with features, manage product releases, optimize web experiences","content management, experimentation tools, content recommendations, analytics dashboard, personalization engine, feature flagging, digital asset management, commerce platform integration, AI-powered insights, multivariate testing, audience segmentation, real-time analytics",N/A,N/A,N/A,N/A,N/A,Software,SaaS,None,row_12
"UXCam, Inc.",uxcam.com,UXCam Mobile App Analytics,https://uxcam.com/leading-mobile-analytics/,"UXCam, Inc.",https://uxcam.com,N/A,N/A,https://www.linkedin.com/company/uxcam,2014,Mobile App Analytics Platform,"Mobile App Developers, Product Managers, UX Designers, Mobile App Companies","track user sessions, analyze user behavior, identify app crashes, create heatmaps, view user recordings, monitor conversion funnels, analyze user journeys, measure app performance","session recordings, heatmaps, crash analytics, funnel analysis, user journey mapping, rage click detection, screen flow analytics, real-time analytics, interaction analytics, performance monitoring, integration capabilities, custom event tracking, gesture recognition, offline session recording",N/A,N/A,N/A,N/A,N/A,Software,SaaS,None,row_13
LinkedIn Corporation,linkedin.com,LinkedIn Sales Navigator for Gmail,https://www.linkedin.com/business/sales/blog/sales-navigator/sales-navigator-lite-for-gmail,LinkedIn Corporation,https://www.linkedin.com,Microsoft Corporation,https://en.wikipedia.org/wiki/LinkedIn,https://www.linkedin.com/company/linkedin,2002,Sales Intelligence Browser Extension,"Sales Professionals, Business Development Representatives, Account Managers","View LinkedIn profile information within Gmail, access prospect insights without leaving email, save leads to Sales Navigator, view mutual connections, see job changes and work history","LinkedIn profile sidebar integration, contact information display, relationship insights, icebreaker information, shared connection visibility, company details, profile photo display, one-click access to full LinkedIn profiles, prospect saving capability, real-time profile updates",N/A,N/A,N/A,N/A,N/A,Software,SaaS,None,row_14
Oracle Corporation,oracle.com,Oracle Data Integration Platform Cloud (DIPC),https://docs.oracle.com/en/cloud/paas/data-integration-platform-cloud/using/what-is-dipc.html,Oracle Corporation,https://www.oracle.com,N/A,https://en.wikipedia.org/wiki/Oracle_Corporation,https://www.linkedin.com/company/oracle/,1977,Cloud-based Data Integration Platform,"Enterprise Data Engineers, Data Architects, IT Teams, Database Administrators","data replication, data synchronization, data quality validation, data transformation, data profiling, data lineage tracking, ETL operations, real-time data streaming","data synchronization, data replication, ETL/ELT processing, real-time data streaming, data quality management, data governance, metadata management, data catalog, built-in data profiling, automated data discovery, cross-platform connectivity, drag-and-drop interface, pre-built transformations, monitoring and reporting",N/A,N/A,N/A,N/A,N/A,Software,SaaS,None,row_15
"AgencyBloc, Inc.",agencybloc.com,AgencyBloc AMS+,https://www.agencybloc.com/ams/,"AgencyBloc, Inc.",https://www.agencybloc.com,N/A,N/A,https://www.linkedin.com/company/agencybloc,2008,Insurance Agency Management System,"Insurance Agencies, Insurance Brokers, Insurance Agents","manage client relationships, track policies, process commissions, automate workflows, generate reports, manage leads, schedule appointments, track insurance sales","client management, policy tracking, commission processing, automated workflow management, reporting and analytics, lead management, email integration, document management, mobile access, custom dashboard, automated notifications, carrier integration, HIPAA compliance, client portal",N/A,N/A,N/A,N/A,N/A,Software,SaaS,None,row_16
"Aline, Inc.",alineops.com,Aline,https://alineops.com/,"Aline, Inc.",https://alineops.com,N/A,N/A,https://www.linkedin.com/company/alineops,2020,DevOps Platform,"DevOps Teams, Software Development Teams, Cloud Engineers","manage cloud infrastructure, automate deployments, monitor applications, configure services, manage costs, implement security policies","infrastructure as code, continuous deployment, cloud cost optimization, security compliance, multi-cloud management, automated provisioning, real-time monitoring, policy enforcement",N/A,N/A,N/A,N/A,N/A,Software,SaaS,None,row_17
Virtuozzo International GmbH,virtuozzo.com,Virtuozzo Application Platform,https://www.virtuozzo.com/application-platform/,Virtuozzo International GmbH,https://www.virtuozzo.com,N/A,N/A,https://www.linkedin.com/company/virtuozzo/,2015,Container Platform as a Service (PaaS),"DevOps Teams, Cloud Service Providers, Enterprise IT Teams, Application Developers","deploy containerized applications, manage cloud resources, automate application delivery, scale applications, monitor performance, manage kubernetes clusters","container orchestration, automated scaling, multi-cloud deployment, built-in monitoring, CI/CD integration, kubernetes management, load balancing, storage management, automated backups, security controls",N/A,N/A,N/A,N/A,N/A,Software,SaaS,None,row_18
"Voxel51, Inc.",voxel51.com,Voxel51 FiftyOne,https://voxel51.com/fiftyone,"Voxel51, Inc.",https://voxel51.com,Scale AI,N/A,https://www.linkedin.com/company/voxel51,2016,Computer Vision Data Management Platform,"ML Engineers, Data Scientists, Computer Vision Researchers, AI Development Teams","visualize datasets, analyze model predictions, identify dataset biases, curate and improve datasets, evaluate model performance, debug model failures, explore data distributions","dataset visualization, model evaluation tools, dataset curation, automated tagging, data filtering, dataset statistics, model performance analysis, data versioning, dataset search, export capabilities, integration with popular ML frameworks, support for multiple data formats, interactive visualization, custom plugin support, dataset management",N/A,N/A,N/A,N/A,N/A,Software,SaaS,None,row_19
"Google, LLC",google.com,Google Workspace Essentials,https://www.cloudskillsboost.google/course_templates/779,Google LLC,https://www.google.com,Alphabet Inc.,https://en.wikipedia.org/wiki/Google,https://www.linkedin.com/company/google/,1998,Collaborative Workspace Platform,"Business Teams, Remote Workers, Enterprise Organizations","create and edit documents, host video meetings, share files, collaborate in real-time, manage team calendars, store documents in Drive, chat with team members","Google Meet video conferencing, Google Drive storage, Google Docs editing, Google Chat, real-time collaboration, file sharing, cloud storage, secure document management, team messaging, version control",N/A,N/A,N/A,N/A,N/A,Software,SaaS,None,row_20
IBM Corporation,ibm.com,IBM watsonx Code Assistant,https://www.ibm.com/products/watsonx-code-assistant,International Business Machines Corporation,https://www.ibm.com,N/A,https://en.wikipedia.org/wiki/IBM,https://www.linkedin.com/company/ibm,1911,AI-Powered Code Development Assistant,"Software Developers, Enterprise Development Teams, IT Professionals","Generate code suggestions, convert code between programming languages, debug code, write unit tests, document code, optimize code performance","Natural language to code conversion, code completion, code refactoring, multi-language support, context-aware suggestions, security vulnerability detection, integration with common IDEs, enterprise-grade security, AI-powered code analysis",N/A,N/A,N/A,N/A,N/A,Software,SaaS,None,row_21
"Maropost, Inc.",maropost.com,Maropost Marketing Cloud,https://maropost.com/platform/marketing-cloud,Maropost Inc.,https://maropost.com,N/A,N/A,https://www.linkedin.com/company/maropost,2011,Marketing Automation Platform,"Digital Marketers, E-commerce Businesses, Marketing Teams, Enterprise Marketing Departments","create email campaigns, segment customer lists, automate marketing workflows, track campaign performance, manage customer journeys, analyze marketing metrics, personalize content, schedule campaigns","email marketing automation, multi-channel messaging, customer journey mapping, advanced segmentation, A/B testing, reporting and analytics, personalization engine, campaign management, SMS marketing, mobile push notifications, behavioral tracking, dynamic content, API integration, drag-and-drop editor",N/A,N/A,N/A,N/A,N/A,Software,SaaS,None,row_22
Gurucul,gurucul.com,Gurucul Next-Gen SIEM,https://gurucul.com/products/next-gen-siem/,Gurucul Solutions Pvt Ltd,https://gurucul.com,N/A,N/A,https://www.linkedin.com/company/gurucul,2010,Security Information and Event Management Platform,"Enterprise Security Teams, SOC Analysts, IT Security Administrators","Monitor security events, Analyze security threats, Detect anomalies, Investigate incidents, Generate compliance reports, Perform threat hunting, Automate security responses, Track user behavior","Real-time threat detection, Machine learning analytics, User and entity behavior analytics (UEBA), Cloud SIEM capabilities, Risk-based alerting, Security orchestration and automation, Compliance reporting, Threat hunting, Log management, Incident response automation, Identity analytics, Cloud security monitoring",N/A,N/A,N/A,N/A,N/A,Software,SaaS,None,row_23
RedTeam Software,redteam.com,RedTeam Go,https://redteam.com/product/redteam-go/,"RedTeam, LLC",https://www.redteam.com,Autodesk,N/A,https://www.linkedin.com/company/redteam-software,2006,Security Testing Platform,"Security Professionals, Penetration Testers, Red Team Members","conduct security assessments, simulate cyber attacks, perform vulnerability scanning, generate security reports, manage penetration testing workflows","automated scanning tools, exploit simulation, reporting dashboard, team collaboration, vulnerability management, compliance testing, custom attack scenarios, real-time monitoring",N/A,N/A,N/A,N/A,N/A,Software,SaaS,None,row_24
"Aptos, Inc.",aptos.com,Aptos Store POS,https://www.aptos.com/pos-solutions,"Aptos, LLC",https://www.aptos.com,N/A,N/A,https://www.linkedin.com/company/aptos-retail,2015,Point of Sale Software,"Retail Store Managers, Retail Staff, Retail Business Owners","process sales transactions, accept multiple payment types, manage inventory, process returns and exchanges, handle customer loyalty programs, generate sales reports, manage employee shifts","mobile POS capabilities, offline transaction processing, real-time inventory visibility, integrated payment processing, customer relationship management, multi-store management, detailed reporting and analytics, cloud-based deployment, secure payment processing, mobile checkout",N/A,N/A,N/A,N/A,N/A,Software,SaaS,None,row_25
"Cradlepoint, Inc.",cradlepoint.com,Cradlepoint NetCloud Engine,https://customer.cradlepoint.com/servlet/servlet.FileDownload?file=015380000029my3,"Cradlepoint, Inc.",https://cradlepoint.com,Ericsson,https://en.wikipedia.org/wiki/Cradlepoint,https://www.linkedin.com/company/cradlepoint,2006,Network Management Platform,"Enterprise IT Teams, Network Administrators, Business Organizations","manage network devices, configure routers, monitor network performance, deploy network policies, manage security settings, orchestrate WAN connections","cloud-based management, zero-touch deployment, network visualization, real-time monitoring, security policy management, WAN orchestration, remote device management, automated firmware updates, network analytics, SD-WAN capabilities",N/A,N/A,N/A,N/A,N/A,Software,SaaS,None,row_26
"Klarna, Inc.",klarna.com,Kustom Checkout,https://www.klarna.com/international/enterprise/platforms-and-partners/kustom/,Klarna Bank AB,https://www.klarna.com,N/A,https://en.wikipedia.org/wiki/Klarna,https://www.linkedin.com/company/klarna/,2005,Payment Integration Platform,"E-commerce Developers, Online Merchants, Platform Partners","integrate payment solutions, customize checkout experience, manage payment methods, track transactions, implement payment APIs","flexible API integration, customizable UI elements, multiple payment method support, seamless Klarna payment integration, developer-friendly documentation, secure payment processing, responsive design support",N/A,N/A,N/A,N/A,N/A,Software,SaaS,None,row_27
"Tradeshift, Inc.",tradeshift.com,Tradeshift Go,https://getgo.tradeshift.com/,"Tradeshift, Inc.",https://tradeshift.com,N/A,https://en.wikipedia.org/wiki/Tradeshift,https://www.linkedin.com/company/tradeshift,2010,Corporate Spend Management Platform,"Business Finance Teams, Corporate Employees, Procurement Managers","make business purchases, request approval for spending, track expenses, manage corporate cards, submit receipts, create expense reports","virtual corporate cards, spend controls, real-time expense tracking, automated receipt capture, approval workflows, spend analytics, integration with accounting systems, policy compliance enforcement, mobile app access",N/A,N/A,N/A,N/A,N/A,Software,SaaS,None,row_28
RedTeam Software,redteam.com,RedTeam Flex,https://redteam.com/product/redteam-flex/,"RedTeam, LLC",https://www.redteam.com,Autodesk,N/A,https://www.linkedin.com/company/redteam-software,2006,Security Testing Platform,"Security Professionals, Penetration Testers, IT Security Teams","conduct security assessments, perform vulnerability scanning, execute penetration testing, generate security reports, manage security projects, schedule automated scans","automated vulnerability scanning, customizable security templates, real-time reporting, team collaboration tools, compliance tracking, remediation guidance, API integration, dashboard analytics",N/A,N/A,N/A,N/A,N/A,Software,SaaS,None,row_29
"BobCAD-CAM, Inc.",bobcad.com,BobCAD-CAM V33,https://bobcad.com/products/whats-new-in-bobcad-cam-version-33/?,"BobCAD-CAM, Inc.",https://www.bobcad.com,N/A,N/A,https://www.linkedin.com/company/bobcad-cam-inc-/,1985,CAD/CAM Software,"Manufacturing Professionals, CNC Machinists, Engineers, Machine Shop Owners","Create CAD designs, Program CNC machines, Generate toolpaths, Simulate machining operations, Create technical drawings, Convert CAD files to machine code","Dynamic toolpath optimization, Advanced simulation capabilities, Multi-axis machining support, CAD modeling tools, Automated feature recognition, Thread milling, Custom post processors, Adaptive roughing, Tool library management, G-code generation",N/A,N/A,N/A,N/A,N/A,Software,SaaS,None,row_30
"Bentley Systems, Inc.",bentley.com,OpenFlows WaterCAD,https://www.bentley.com/software/openflows-water/,"Bentley Systems, Incorporated",https://www.bentley.com,N/A,https://en.wikipedia.org/wiki/Bentley_Systems,https://www.linkedin.com/company/bentley-systems,1984,Water Distribution Network Modeling Software,"Water Utility Engineers, Civil Engineers, Municipal Water Planners, Engineering Consultants","model water distribution networks, analyze hydraulic performance, simulate water flow scenarios, design water systems, optimize pump operations, assess water quality, plan infrastructure improvements, calculate energy costs","hydraulic and water quality modeling, scenario management, energy cost analysis, fire flow analysis, automated design tools, GIS integration, CAD integration, real-time modeling, automated calibration, criticality analysis, pressure zone management, water loss analysis, interoperability with other Bentley products",N/A,N/A,N/A,N/A,N/A,Software,SaaS,None,row_31
SalesBabu Business Solutions Pvt Ltd,salesbabu.com,SalesBabu CRM,https://www.salesbabu.com/crm/,SalesBabu Business Solutions Private Limited,https://www.salesbabu.com,N/A,N/A,https://www.linkedin.com/company/salesbabu,2007,CRM Software,"Small and Medium Businesses, Sales Teams, Marketing Teams","manage customer relationships, track sales leads, create sales reports, schedule meetings, manage email campaigns, track customer interactions, generate invoices, manage sales pipeline","lead management, contact management, sales pipeline tracking, email integration, reporting and analytics, mobile CRM app, task management, calendar management, quotation management, invoice generation, marketing automation, customer support tracking",N/A,N/A,N/A,N/A,N/A,Software,SaaS,None,row_32
"ADP, Inc.",adp.com,ADP Next Gen HCM,https://www.adp.com/-/media/adp/resourcehub/pdf/josh-bersin-article-next-gen-hcm.pdf?,"Automatic Data Processing, Inc.",https://www.adp.com,N/A,https://en.wikipedia.org/wiki/ADP_(company),https://www.linkedin.com/company/adp/,1949,Human Capital Management (HCM) Platform,"HR Professionals, Business Leaders, Enterprise Organizations","Manage payroll, Track employee time and attendance, Handle benefits administration, Manage talent acquisition, Process HR analytics, Manage workforce planning","Cloud-based platform, Mobile accessibility, Employee self-service portal, Integrated payroll processing, Talent management tools, Benefits administration, Compliance management, Real-time analytics, Performance management, Learning management",N/A,N/A,N/A,N/A,N/A,Software,SaaS,None,row_33
"Deposco, Inc.",deposco.com,Deposco Bright Suite,https://deposco.com/resources/product-brochures/bright-suite/,"Deposco, Inc.",https://deposco.com,N/A,N/A,https://www.linkedin.com/company/deposco/,2000,Supply Chain Management Software,"Retailers, Distributors, Manufacturers, E-commerce businesses, Warehouse Managers","manage inventory, process orders, track shipments, analyze supply chain performance, coordinate warehouse operations, manage fulfillment, plan demand, manage returns","order management, inventory management, warehouse management, unified commerce platform, real-time visibility, demand planning, returns management, analytics and reporting, multi-channel integration, automated workflows",N/A,N/A,N/A,N/A,N/A,Software,SaaS,None,row_34
"Kallidus, Ltd.",kallidus.com,Kallidus Sapling,https://www.kallidus.com/product/onboarding/,Kallidus Limited,https://www.kallidus.com,Learning Technologies Group,N/A,https://www.linkedin.com/company/kallidus,2000,Employee Onboarding Software,"HR Professionals, People Operations Teams, Business Leaders","create onboarding workflows, automate paperwork, track new hire progress, schedule orientation activities, manage compliance documents, customize welcome experiences","automated workflows, paperless document management, progress tracking, customizable onboarding templates, employee self-service portal, integration capabilities, compliance management, reporting and analytics, mobile accessibility, e-signature support",N/A,N/A,N/A,N/A,N/A,Software,SaaS,None,row_35
Avatier Corporation,avatier.com,Avatier Identity Anywhere,https://www.avatier.com/products/,Avatier Corporation,https://www.avatier.com,N/A,N/A,https://www.linkedin.com/company/avatier,1995,Identity and Access Management (IAM) Platform,"Enterprise IT Teams, Security Administrators, Corporate Organizations","manage user identities, configure access controls, automate user provisioning, perform password resets, conduct access certifications, manage single sign-on, handle group management, process access requests","single sign-on (SSO), multi-factor authentication, password management, identity governance, automated provisioning/deprovisioning, self-service password reset, mobile identity management, cloud-based deployment, role-based access control, compliance reporting",N/A,N/A,N/A,N/A,N/A,Software,SaaS,None,row_36
Accenture PLC,accenture.com,Accenture Insights Platform (AIP+),https://www.accenture.com/content/dam/accenture/final/a-com-migration/pdf/pdf-148/accenture-aip4health.pdf,Accenture plc,https://www.accenture.com,N/A,https://en.wikipedia.org/wiki/Accenture,https://www.linkedin.com/company/accenture,1989,Healthcare Analytics Platform,"Healthcare Organizations, Hospital Administrators, Healthcare Providers, Medical Professionals","analyze healthcare data, generate insights, monitor patient outcomes, track clinical metrics, manage population health, optimize operations","data integration, advanced analytics, AI/ML capabilities, real-time insights, customizable dashboards, secure data handling, regulatory compliance, scalable infrastructure, cloud-based deployment, automated reporting",N/A,N/A,N/A,N/A,N/A,Software,SaaS,None,row_37
"Toast, Inc.",toasttab.com,Toast Now,https://pos.toasttab.com/products/toast-now?,"Toast, Inc.",https://www.toasttab.com,N/A,https://en.wikipedia.org/wiki/Toast_(company),https://www.linkedin.com/company/toast-inc-/,2011,Digital Ordering and Restaurant Management Platform,"Restaurant Owners, Food Service Operators, Small to Medium-sized Restaurants","Accept online orders, Manage digital menu, Process delivery orders, Track sales, Manage customer communications, Set up commission-free ordering","Online ordering system, Digital menu management, Commission-free delivery, Email marketing tools, Mobile ordering capabilities, Real-time menu updates, Customer database management, Sales reporting, Integration with Toast POS",N/A,N/A,N/A,N/A,N/A,Software,SaaS,None,row_38
"CDNetworks, Inc.",cdnetworks.com,CDNetworks CDN,https://www.cdnetworks.com/products/cdnpro/,"CDNetworks Co., Ltd.",https://www.cdnetworks.com,KDDI Corporation,https://en.wikipedia.org/wiki/CDNetworks,https://www.linkedin.com/company/cdnetworks/,2000,Content Delivery Network (CDN) Service,"Enterprise Organizations, Web Service Providers, Media Companies, Online Retailers","Configure content delivery settings, Monitor performance metrics, Set up caching rules, Manage SSL certificates, Configure security settings, Deploy web applications globally","Global content delivery, Dynamic acceleration, Static content caching, Real-time analytics, DDoS protection, SSL/TLS security, Edge computing capabilities, Load balancing, API acceleration, Video streaming optimization, Image optimization, HTTP/2 and HTTP/3 support",N/A,N/A,N/A,N/A,N/A,Software,SaaS,None,row_39
Talisma Corporation Pvt Ltd,talisma.com,Talisma CX Social,https://talisma.com/cx-social-crm/,Talisma Corporation Private Limited,https://talisma.com,Campus Management Corp,N/A,https://www.linkedin.com/company/talisma-corporation,1999,Social Media Management and Customer Experience Platform,"Customer Service Teams, Social Media Managers, Marketing Teams, Enterprise Businesses","monitor social media mentions, respond to customer inquiries, track customer sentiment, manage social media campaigns, analyze social media metrics, route social conversations to appropriate teams","unified social inbox, sentiment analysis, automated routing, social listening, performance analytics, real-time monitoring, multi-channel engagement, workflow automation, team collaboration tools, campaign management, social CRM integration",N/A,N/A,N/A,N/A,N/A,Software,SaaS,None,row_40
Oracle Corporation,oracle.com,Oracle IoT Cloud Service,https://docs.oracle.com/en/cloud/paas/iot-cloud/,Oracle Corporation,https://www.oracle.com,N/A,https://en.wikipedia.org/wiki/Oracle_Corporation,https://www.linkedin.com/company/oracle/,1977,IoT Platform as a Service,"Enterprise IT Teams, IoT Developers, System Integrators, Operations Managers","connect IoT devices, monitor device data, analyze IoT data streams, create IoT applications, manage device fleets, set up real-time alerts, integrate with enterprise systems","device virtualization, real-time analytics, enterprise integration, security management, scalable architecture, device management, stream processing, data enrichment, machine learning capabilities, REST APIs, built-in security protocols",N/A,N/A,N/A,N/A,N/A,Software,SaaS,None,row_41
"Clear Skye, Inc.",clearskye.com,Clear Skye IGA,https://clearskye.com/products/clear-skye-iga,"Clear Skye, Inc.",https://clearskye.com,N/A,N/A,https://www.linkedin.com/company/clear-skye,2016,Identity Governance and Administration Platform,"Enterprise IT Teams, Security Administrators, Compliance Officers","manage user access rights, automate access requests, conduct access reviews, enforce compliance policies, manage identity lifecycle, monitor user activities","identity lifecycle management, access certification, role-based access control, automated provisioning/deprovisioning, policy compliance management, audit reporting, ServiceNow integration, workflow automation, self-service access requests, risk analytics",N/A,N/A,N/A,N/A,N/A,Software,SaaS,None,row_42
"TrueConf, LLC",trueconf.com,TrueConf Server,https://trueconf.com/products/server/video-conferencing-server.html,TrueConf LLC,https://trueconf.com,N/A,N/A,https://www.linkedin.com/company/trueconf,2003,Video Conferencing Server Software,"Enterprise Organizations, Educational Institutions, Healthcare Providers, Government Agencies","Host video conferences, schedule meetings, share screens, record meetings, manage users, create virtual meeting rooms, conduct webinars, send instant messages, share files","4K video conferencing, end-to-end encryption, LDAP/Active Directory integration, WebRTC support, conference recording, virtual backgrounds, remote desktop control, address book management, role-based access control, meeting scheduling, bandwidth management, firewall traversal, API integration, SIP/H.323 support, mobile compatibility",N/A,N/A,N/A,N/A,N/A,Software,SaaS,None,row_43
"Aderant Holdings, Inc.",aderant.com,Aderant Drive,https://www.aderant.com/solutions-drive/,"Aderant Holdings, Inc.",https://www.aderant.com,Roper Technologies,N/A,https://www.linkedin.com/company/aderant,1978,Document Management System,"Law Firms, Legal Professionals, Legal IT Teams","store and organize documents, search for files, share documents securely, manage document versions, collaborate on documents, access files remotely","document version control, secure file sharing, Microsoft Office integration, email management, document search and retrieval, mobile access, document workflow automation, matter-centric organization, access control and permissions, audit trails",N/A,N/A,N/A,N/A,N/A,Software,SaaS,None,row_44
"NEOGOV, Inc.",neogov.com,NEOGOV Manage,https://www.neogov.com/hubfs/Docs/NEOED-Module-Manage-Spreads.pdf,"NEOGOV, Inc.",https://www.neogov.com,"PowerSchool Holdings, Inc.",N/A,https://www.linkedin.com/company/neogov,1999,HR Management System,"Public Sector HR Professionals, Government Agency HR Teams","create job requisitions, track applicants, manage employee onboarding, process personnel actions, manage employee performance, track training and certifications, conduct evaluations","position control, performance management, employee records management, automated workflows, reporting and analytics, configurable forms, electronic signatures, document management, compliance tracking, integration capabilities",N/A,N/A,N/A,N/A,N/A,Software,SaaS,None,row_45
"Nextiva, Inc.",nextiva.com,Nextiva Customer Experience,https://www.nextiva.com/products/customer-experience,"Nextiva, Inc.",https://www.nextiva.com,N/A,N/A,https://www.linkedin.com/company/nextiva,2006,Customer Experience Management Platform,"Business owners, Customer service teams, Sales teams, Contact center managers","Monitor customer interactions, Track customer satisfaction scores, Manage customer communications, Analyze customer feedback, Generate performance reports, Handle customer support tickets, Conduct surveys","Omnichannel communication, Real-time analytics, Customer journey mapping, Sentiment analysis, Survey tools, Performance dashboards, Customer feedback management, Voice, email, and chat integration, Automated workflows, Team collaboration tools, Customer satisfaction measurement, Call recording and monitoring",N/A,N/A,N/A,N/A,N/A,Software,SaaS,None,row_46
Vero Holdings Australia Pty Ltd,getvero.com,Vero Cloud,https://www.getvero.com/resources/meet-cloud-and-connect/,Vero Holdings Australia Pty Ltd,https://www.getvero.com,N/A,N/A,https://www.linkedin.com/company/vero-email-marketing,2012,Email Marketing Platform,"Marketing Teams, Product Teams, Digital Marketers, Online Businesses","create email campaigns, segment customer data, track email metrics, automate email workflows, manage customer data, personalize email content","customer data management, email automation, behavioral tracking, segmentation tools, A/B testing, campaign analytics, personalization engine, API integration, real-time data sync",N/A,N/A,N/A,N/A,N/A,Software,SaaS,None,row_47
"Fortra, LLC",fortra.com,Agari Active Defense,https://static.fortra.com/agari/pdfs/solution-brief/ag-active-defense-sb.pdf,"Fortra, LLC",https://www.fortra.com,N/A,N/A,https://www.linkedin.com/company/fortra,2021,Email Security and Threat Intelligence Platform,"Enterprise Security Teams, SOC Teams, Threat Intelligence Analysts","engage with email threat actors, collect threat intelligence, analyze attacker behavior, track criminal networks, deploy email security countermeasures, monitor phishing campaigns","cyber deception technology, BEC threat engagement, automated threat actor engagement, real-time threat intelligence gathering, criminal network mapping, attack pattern analysis, threat actor database, security automation, threat response workflows, SOC integration",N/A,N/A,N/A,N/A,N/A,Software,SaaS,None,row_48
"HazelTree Fund Services, Inc.",hazeltree.com,Hazeltree zTreasury,https://fintechmagazine.com/company-reports/hazeltree-treasury-and-liquidity-management-platform,"Hazeltree Fund Services, Inc.",https://www.hazeltree.com,LiquidityBook,N/A,https://www.linkedin.com/company/hazeltree,2009,Treasury and Liquidity Management Platform,"Investment Managers, Fund Administrators, Corporate Treasurers, Financial Institutions","manage cash positions, monitor bank balances, execute wire transfers, track liquidity, optimize cash investments, manage foreign exchange transactions, generate treasury reports","cash management, liquidity monitoring, wire transfer automation, FX management, investment sweeps, bank fee analysis, cash forecasting, multi-bank connectivity, real-time reporting, counterparty management",N/A,N/A,N/A,N/A,N/A,Software,SaaS,None,row_49
"Deskera US, Inc.",deskera.com,Deskera MRP,https://www.deskera.com/in/mrp,Deskera Holdings Ltd.,https://www.deskera.com,N/A,N/A,https://www.linkedin.com/company/deskera,2008,Manufacturing Resource Planning Software,"Manufacturing Companies, Production Managers, Supply Chain Managers, Small to Medium Manufacturing Businesses","manage production schedules, track inventory levels, create bills of materials, monitor manufacturing processes, generate production orders, manage raw materials, track work orders, schedule maintenance","inventory management, production planning, bill of materials (BOM) management, work order tracking, real-time manufacturing analytics, quality control management, maintenance scheduling, resource allocation, cost tracking, production forecasting, supply chain integration, multi-location management",N/A,N/A,N/A,N/A,N/A,Software,SaaS,None,row_50
"Mu Sigma, Inc.",mu-sigma.com,Mu Sigma muHPC,https://www.hpcuserforum.com/presentations/boston2013/MuSigmaHPCUserForum.pdf,"Mu Sigma, Inc.",https://www.mu-sigma.com,N/A,https://en.wikipedia.org/wiki/Mu_Sigma,https://www.linkedin.com/company/mu-sigma-inc,2004,High Performance Computing Analytics Platform,"Data Scientists, Business Analysts, Enterprise Analytics Teams","run complex analytics workloads, perform big data analysis, execute parallel computing tasks, manage distributed computing resources, conduct statistical analysis","distributed computing capabilities, high performance data processing, scalable analytics framework, parallel processing, enterprise-grade security, resource optimization, workload management",N/A,N/A,N/A,N/A,N/A,Software,SaaS,None,row_51
Gravyty,gravyty.com,Advance from Gravyty,https://gravyty.com/advance/,"Gravyty Technologies, Inc.",https://gravyty.com,Bonterra,N/A,https://www.linkedin.com/company/gravyty,2016,AI-Powered Fundraising Software,"Nonprofit Organizations, Educational Institutions, Fundraising Teams, Development Officers","create personalized donor communications, track donor engagement, analyze donor data, manage donor relationships, schedule donor outreach, prioritize donor prospects","AI-driven donor predictions, automated communication workflows, personalized email templates, donor scoring, relationship management tools, activity tracking, data analytics, prospect identification, performance metrics, donor database integration",N/A,N/A,N/A,N/A,N/A,Software,SaaS,None,row_52
"AudioCodes, Ltd.",audiocodes.com,AudioCodes Live CX,https://livecx.audiocodes.com/,AudioCodes Ltd.,https://www.audiocodes.com,N/A,https://en.wikipedia.org/wiki/AudioCodes,https://www.linkedin.com/company/audiocodes,1993,Contact Center and Customer Experience Platform,"Contact Center Managers, Customer Service Teams, Enterprise Organizations","manage customer interactions, handle voice calls, route customer inquiries, monitor agent performance, analyze customer engagement data, integrate with Microsoft Teams","omnichannel communication support, Microsoft Teams integration, real-time analytics, intelligent call routing, workforce management, quality monitoring, voice recording, customizable dashboards, AI-powered insights, cloud-based deployment",N/A,N/A,N/A,N/A,N/A,Software,SaaS,None,row_53
"Huawei Technologies Company, Ltd.",huawei.com,Huawei Cloud Eye,https://www.huaweicloud.com/intl/en-us/product/ces.html,"Huawei Technologies Co., Ltd.",https://www.huawei.com,N/A,https://en.wikipedia.org/wiki/Huawei,https://www.linkedin.com/company/huawei,1987,Cloud Monitoring Platform,"Cloud Infrastructure Administrators, DevOps Teams, IT Operations Teams","monitor cloud resources, set up custom alarms, view performance metrics, create monitoring dashboards, track resource usage, configure alert notifications, analyze system health","real-time monitoring, custom metric monitoring, alarm management, dashboard visualization, multi-dimensional monitoring, resource grouping, threshold alerts, event monitoring, monitoring templates, automatic scaling integration",N/A,N/A,N/A,N/A,N/A,Software,SaaS,None,row_54
"Tradeshift, Inc.",tradeshift.com,Tradeshift Engage,https://tradeshift.com/resources/press/tradeshift-engage-accelerates-full-supply-chain-digitization-with-seller-focused-incentives/,"Tradeshift, Inc.",https://tradeshift.com,N/A,https://en.wikipedia.org/wiki/Tradeshift,https://www.linkedin.com/company/tradeshift,2010,Supply Chain Digitization Platform,"Enterprise Suppliers, Procurement Teams, Accounts Payable Departments","digital invoice submission, manage trade documents, track payments, collaborate with buyers, access early payments, manage supplier relationships","seller-focused incentives, digital onboarding, early payments access, real-time transaction monitoring, automated document processing, supply chain financing options, digital collaboration tools, supplier relationship management",N/A,N/A,N/A,N/A,N/A,Software,SaaS,None,row_55
"PhaseWare, Inc.",phaseware.com,PhaseWare Tracker,https://www.phaseware.com/products/,"PhaseWare, Inc.",https://www.phaseware.com,N/A,N/A,https://www.linkedin.com/company/phaseware-inc-,2005,Customer Service and Support Software,"Customer Service Teams, IT Help Desks, Support Organizations, Small to Medium Businesses","manage customer tickets, track support issues, create knowledge base articles, generate reports, automate workflows, communicate with customers, monitor service level agreements","ticket management, knowledge base management, automated workflow, SLA tracking, customizable dashboard, email integration, reporting and analytics, self-service portal, multi-channel support, custom form builder",N/A,N/A,N/A,N/A,N/A,Software,SaaS,None,row_56
"Hypori, Inc.",hypori.com,Hypori Halo,https://www.hypori.com/news-and-media/hypori-series-b-2023,"Hypori, Inc.",https://www.hypori.com,N/A,N/A,https://www.linkedin.com/company/hypori,2011,Virtual Mobile Infrastructure Platform,"Government agencies, Military personnel, Enterprise organizations, Security-conscious professionals","Access sensitive data securely, Run mobile applications remotely, Manage virtual mobile devices, Access corporate resources, Conduct secure communications","Zero data at rest, Zero data in transit, Virtual mobile device management, Military-grade security, Remote access capabilities, BYOD support, Air-gap security, Zero-trust architecture",N/A,N/A,N/A,N/A,N/A,Software,SaaS,None,row_57
TELUS Health,telus.com,Adaptris Integration Platform,https://www.adaptris.com/adaptris-platform/,TELUS Health Inc.,https://www.telus.com/en/health,TELUS Corporation,https://en.wikipedia.org/wiki/Telus_Health,https://www.linkedin.com/company/telus-health/,2008,Enterprise Integration Platform,"Enterprise IT Teams, System Integrators, Business Analysts","connect disparate systems, automate business processes, transform data formats, monitor integrations, manage APIs, deploy integration solutions","data transformation, API management, message queuing, file transfer, EDI processing, cloud integration, real-time monitoring, workflow automation, service orchestration, error handling, metadata management, secure connectivity",N/A,N/A,N/A,N/A,N/A,Software,SaaS,None,row_58
"Mothernode, LLC",mothernode.com,Mothernode CRM,https://www.mothernode.com/mothernode-crm-2/,"Mothernode, LLC",https://www.mothernode.com,N/A,N/A,https://www.linkedin.com/company/mothernode,2009,CRM Software,"Small to Medium-sized Businesses, Sales Teams, Business Professionals","manage customer relationships, track sales leads, create quotes and estimates, manage contacts, track customer communications, generate sales reports, manage sales pipeline, schedule tasks and appointments","contact management, lead tracking, sales pipeline management, quotation tools, email integration, task management, reporting and analytics, mobile access, calendar integration, document management, customer service tracking, marketing automation, sales forecasting",N/A,N/A,N/A,N/A,N/A,Software,SaaS,None,row_59
"Tata Consultancy Services, Ltd.",tcs.com,TCS MasterCraft TransformPlus,https://www.tcs.com/who-we-are/newsroom/press-release/new-release-mastercraft-transformplus-5-0-ml-legacy-application-modernization,Tata Consultancy Services Limited,https://www.tcs.com,N/A,https://en.wikipedia.org/wiki/Tata_Consultancy_Services,https://www.linkedin.com/company/tata-consultancy-services,1968,Legacy Application Modernization Platform,"Enterprise IT Teams, Software Developers, System Architects","analyze legacy applications, modernize legacy code, migrate applications, assess technical debt, perform code conversion, generate documentation","machine learning capabilities, automated code analysis, intelligent application discovery, technical debt assessment, automated code conversion, documentation generation, cloud migration support, pattern-based modernization",N/A,N/A,N/A,N/A,N/A,Software,SaaS,None,row_60
PRAXEDO,praxedo.com,Praxedo Mobile,https://www.praxedo.co.uk/product-tour/always-connected-with-the-mobile-app/,Praxedo Software,https://www.praxedo.com,N/A,N/A,https://www.linkedin.com/company/praxedo,2005,Field Service Management Software,"Field Service Technicians, Mobile Workers, Service Teams, Field Service Managers","view work orders, manage schedules, capture customer signatures, record service details, access customer information, complete forms, track time spent on jobs, capture photos on-site","offline mode capability, real-time synchronization, digital forms and checklists, GPS tracking, signature capture, photo documentation, schedule management, customer data access, time tracking, mobile work order management",N/A,N/A,N/A,N/A,N/A,Software,SaaS,None,row_61
Oracle Corporation,oracle.com,Oracle Big Data SQL Cloud Service,https://www.oracle.com/a/ocom/docs/BDSQL-CS-Datasheet.pdf,Oracle Corporation,https://www.oracle.com,N/A,https://en.wikipedia.org/wiki/Oracle_Corporation,https://www.linkedin.com/company/oracle/,1977,SQL Query Management Platform,"Database Administrators, Data Engineers, Enterprise IT Teams, Data Analysts","query data across multiple data sources, analyze big data sets, manage SQL operations, integrate with Hadoop systems, perform security management, execute distributed queries","unified query engine, data security controls, Oracle SQL compatibility, Hadoop integration, external table support, smart scan technology, centralized access control, distributed query processing, enterprise-grade security, seamless data integration",N/A,N/A,N/A,N/A,N/A,Software,SaaS,None,row_62
Finastra,finastra.com,Finastra Fusion Digital Banking,https://www.finastra.com/solutions/fusion-digital-banking-consumer,Finastra International Limited,https://www.finastra.com,Vista Equity Partners,https://en.wikipedia.org/wiki/Finastra,https://www.linkedin.com/company/finastra,2017,Digital Banking Platform,"Financial Institutions, Banks, Credit Unions","manage bank accounts, process payments, view transaction history, transfer funds, mobile check deposit, bill payments, personal financial management, apply for loans","unified digital banking experience, personalization capabilities, real-time account access, secure authentication, mobile banking app, financial insights, account aggregation, customer engagement tools, integrated lending solutions, analytics dashboard, customizable UI/UX, multi-device support, regulatory compliance",N/A,N/A,N/A,N/A,N/A,Software,SaaS,None,row_63
Accelya Holding World S.L.,accelya.com,Accelya CRIS,https://www.scribd.com/document/441414762/Aviation-Software-Overview,Accelya Holding World S.L.,https://www.accelya.com,Vista Equity Partners,N/A,https://www.linkedin.com/company/accelya/,1976,Airline Revenue Management Software,"Airlines, Revenue Management Teams, Airline Commercial Analysts","revenue analysis, pricing optimization, inventory management, fare management, route profitability analysis, competitive pricing monitoring","revenue accounting, real-time data analytics, automated revenue calculations, fare rules management, revenue leakage detection, interline billing, revenue forecasting, market analysis tools",N/A,N/A,N/A,N/A,N/A,Software,SaaS,None,row_64
Toshiba Corporation,toshiba.com,Toshiba IPedge,https://toshibaphonesupport.com/toshiba-ipedge-phone-systems/,Toshiba Corporation,https://www.global.toshiba,Mitel Networks Corporation,https://en.wikipedia.org/wiki/Toshiba,https://www.linkedin.com/company/toshiba,1875,IP-based Business Phone System,"Small to Medium-sized Businesses, Enterprise Organizations","Make voice calls, manage voicemail, conduct conference calls, set up auto-attendant, manage call routing, access unified communications features, handle call queuing","VoIP telephony, unified messaging, voicemail-to-email, auto attendant, call routing, conference calling, mobile integration, web-based administration, call reporting, presence management, instant messaging, call recording",N/A,N/A,N/A,N/A,N/A,Software,SaaS,None,row_65
Entrust Corporation,entrust.com,Entrust Identity Enterprise,https://www.entrust.com/products/iam/identity-enterprise,Entrust Corporation,https://www.entrust.com,N/A,https://en.wikipedia.org/wiki/Entrust,https://www.linkedin.com/company/entrust,1969,Identity and Access Management (IAM) Platform,"Enterprise Organizations, IT Security Teams, System Administrators","manage user identities, configure authentication policies, deploy multi-factor authentication, manage digital certificates, monitor access controls, generate compliance reports, automate user provisioning","single sign-on (SSO), multi-factor authentication, identity lifecycle management, privileged access management, mobile authentication, adaptive authentication, certificate management, self-service password reset, audit logging, compliance reporting",N/A,N/A,N/A,N/A,N/A,Software,SaaS,None,row_66
"DTEN, Inc.",dten.com,DTEN ON Series,https://www.dten.com/products/on/?,"DTEN, Inc.",https://dten.com,N/A,N/A,https://www.linkedin.com/company/dten,2015,All-in-One Video Conferencing System,"Business Professionals, Remote Workers, Meeting Room Users, Educational Institutions","conduct video meetings, share content wirelessly, collaborate on whiteboard, control meetings via touch interface, make video calls","4K touch display, built-in camera array, multi-microphone system, integrated speakers, wireless content sharing, Zoom certification, interactive whiteboarding, smart framing technology, noise reduction, echo cancellation",N/A,N/A,N/A,N/A,N/A,Software,SaaS,None,row_67
ProgeSOFT SA,progesoft.com,progeCAD 2010 Professional,https://progecad.us/progecad-professional/,progeSOFT SA,https://www.progesoft.com,N/A,N/A,https://www.linkedin.com/company/progesoft,1985,CAD Software,"Architects, Engineers, Designers, Construction Professionals, Technical Drafters","Create 2D/3D technical drawings, Edit AutoCAD drawings, Design architectural plans, Create engineering schematics, Generate construction documentation, Perform technical drafting","AutoCAD DWG file compatibility, 3D modeling capabilities, Customizable interface, Express tools, Layer management, PDF import/export, Raster image support, Block libraries, Dynamic input, Printing and plotting tools",N/A,N/A,N/A,N/A,N/A,Software,SaaS,None,row_68
Nexthink S.A.,nexthink.com,Nexthink Adopt,https://nexthink.com/platform/adopt,Nexthink SA,https://www.nexthink.com,N/A,N/A,https://www.linkedin.com/company/nexthink,2004,Digital Employee Experience Management Software,"IT Teams, Digital Workplace Managers, Enterprise Organizations","monitor software adoption rates, track application usage, analyze user engagement, measure digital transformation success, identify adoption barriers, create targeted communications, deploy targeted notifications","adoption metrics tracking, user engagement analytics, targeted communications, software deployment monitoring, behavioral analytics, personalized messaging, change management tools, user experience monitoring, adoption campaign management, real-time analytics dashboard",N/A,N/A,N/A,N/A,N/A,Software,SaaS,None,row_69
"Check Point Software Technologies, Ltd.",checkpoint.com,Check Point Quantum Edge,https://www.checkpoint.com/quantum/edge-branch-virtual-security-gateway/,Check Point Software Technologies Ltd.,https://www.checkpoint.com,N/A,https://en.wikipedia.org/wiki/Check_Point,https://www.linkedin.com/company/check-point-software-technologies,1993,Network Security Gateway,"Enterprise IT Teams, Branch Office Managers, Network Security Administrators","manage branch network security, deploy security policies, monitor network traffic, configure VPN connections, implement threat prevention, manage remote access","SD-WAN capabilities, zero-touch deployment, unified security management, advanced threat prevention, secure remote access, cloud-native architecture, built-in firewall, intrusion prevention system (IPS), application control, URL filtering, anti-malware protection, automated security updates",N/A,N/A,N/A,N/A,N/A,Software,SaaS,None,row_70
dataglobal Bochum GmbH,dataglobalgroup.com,windream 7,https://www.windream.com/en/aktuelles/news/newsbeitrag/show/windream-7-available-now,dataglobal GmbH,https://www.dataglobalgroup.com,N/A,N/A,https://www.linkedin.com/company/dataglobal-gmbh,1992,Enterprise Content Management System,"Enterprise Organizations, Business Professionals, Document Management Teams","document management, file archiving, workflow automation, document searching, content organization, version control, document sharing","document lifecycle management, integrated search functionality, secure document storage, workflow management, version control, document classification, metadata management, access control, audit trails, regulatory compliance support",N/A,N/A,N/A,N/A,N/A,Software,SaaS,None,row_71
"Tradeshift, Inc.",tradeshift.com,Tradeshift Buy,https://support.tradeshift.com/knowledgebase/article/8380485333394,"Tradeshift, Inc.",https://tradeshift.com,N/A,https://en.wikipedia.org/wiki/Tradeshift,https://www.linkedin.com/company/tradeshift,2010,Procurement Software,"Procurement Teams, Business Buyers, Enterprise Organizations","create purchase requisitions, manage purchase orders, search for suppliers, approve purchases, track spending, manage supplier catalogs","e-procurement, supplier catalog management, purchase order automation, spend analytics, requisition workflow, supplier integration, approval workflows, budget tracking",N/A,N/A,N/A,N/A,N/A,Software,SaaS,None,row_72
WoodWing Software B.V.,woodwing.com,WoodWing Assets 10,https://www.woodwing.com/products/woodwing-assets-10,WoodWing Software B.V.,https://www.woodwing.com,N/A,N/A,https://www.linkedin.com/company/woodwing,2000,Digital Asset Management (DAM) System,"Marketing Teams, Publishers, Creative Teams, Enterprise Content Managers","Upload digital assets, Search and retrieve assets, Share content with team members, Organize media files, Manage metadata, Control asset access rights, Convert file formats, Track asset usage","AI-powered search, Metadata management, Version control, Access rights management, File format conversion, Cloud storage integration, Workflow automation, Brand portal, Asset analytics, Multi-language support, Secure file sharing, Custom metadata schemas",N/A,N/A,N/A,N/A,N/A,Software,SaaS,None,row_73
"JuliusWorks, Inc.",juliusworks.com,Julius,https://www.juliusworks.com,"JuliusWorks, Inc.",https://www.juliusworks.com,N/A,N/A,N/A,N/A,Influencer Marketing Platform,"Brands, Marketing Agencies, Influencer Marketing Managers","discover influencers, analyze influencer metrics, manage campaigns, track ROI, verify authenticity of influencers, generate campaign reports","influencer discovery, audience analytics, fraud detection, campaign management, performance tracking, automated reporting, demographic analysis, engagement metrics, ROI measurement, influencer verification",N/A,N/A,N/A,N/A,N/A,Software,SaaS,None,row_74
"A10 Networks, Inc.",a10networks.com,A10 Networks AX Series,https://www.a10networks.com/wp-content/uploads/A10_DG_Unified_Access_Gateway.pdf,"A10 Networks, Inc.",https://www.a10networks.com,N/A,https://en.wikipedia.org/wiki/A10_Networks,https://www.linkedin.com/company/a10-networks,2004,Application Delivery Controller (ADC),"Enterprise IT Teams, Network Administrators, Data Center Operators","Load balancing, SSL offloading, Application acceleration, Network traffic management, Security policy enforcement, Performance monitoring","Server load balancing, Global server load balancing, SSL acceleration, DDoS protection, Web application firewall, IPv6 migration, Application access management, High availability, Traffic optimization, Real-time analytics",N/A,N/A,N/A,N/A,N/A,Software,SaaS,None,row_75
"AudioCodes, Ltd.",audiocodes.com,AudioCodes Meeting Insights,https://www.audiocodes.com/solutions-products/voiceai/meetings-and-recording/meeting-insights,AudioCodes Ltd.,https://www.audiocodes.com,N/A,https://en.wikipedia.org/wiki/AudioCodes,https://www.linkedin.com/company/audiocodes,1993,Meeting Recording and Analytics Platform,"Enterprise Organizations, Business Teams, Corporate Meeting Participants","record meetings, search meeting content, review meeting transcripts, share meeting highlights, access meeting summaries, collaborate on action items, analyze meeting metrics","automated meeting recording, real-time transcription, AI-powered analytics, meeting summarization, searchable content repository, action item tracking, speaker identification, multi-language support, secure storage, meeting highlights generation, integration with major meeting platforms",N/A,N/A,N/A,N/A,N/A,Software,SaaS,None,row_76
"Ooma, Inc.",ooma.com,Ooma Enterprise,https://www.ooma.com/enterprise-communications/faqs/what-is-ooma-enterprise/?,"Ooma, Inc.",https://www.ooma.com,N/A,https://en.wikipedia.org/wiki/Ooma,https://www.linkedin.com/company/ooma,2003,Enterprise Communications Platform,"Mid to Large-sized Businesses, Enterprise Organizations","Make voice calls, conduct video conferences, send messages, manage virtual receptionist, set up call routing, access analytics, manage communications from mobile devices","UCaaS platform, cloud PBX, video conferencing, team messaging, mobile app, call analytics, virtual receptionist, custom call flows, call recording, CRM integration, API access, SD-WAN capabilities",N/A,N/A,N/A,N/A,N/A,Software,SaaS,None,row_77
"OpenClinica, LLC",openclinica.com,OpenClinica Enterprise,https://www.openclinica.com/wp-content/uploads/OpenClinica-Enterprise-Edition.pdf,"OpenClinica, LLC",https://www.openclinica.com,N/A,N/A,https://www.linkedin.com/company/openclinica,2005,Clinical Trial Management Software,"Clinical Researchers, Healthcare Organizations, Pharmaceutical Companies, Contract Research Organizations (CROs)","design clinical studies, build electronic case report forms, collect patient data, monitor trial progress, manage patient randomization, track adverse events, export study data, generate reports","electronic data capture (EDC), clinical data management, randomization management, adverse event reporting, role-based access control, audit trails, regulatory compliance (21 CFR Part 11), custom form creation, real-time data validation, automated workflows, multi-site study management, data export capabilities",N/A,N/A,N/A,N/A,N/A,Software,SaaS,None,row_78
Billtrust,billtrust.com,Billtrust eCommerce,https://www.billtrust.com/resources/solution-guides/b2b-ecommerce-solution,BTRS Holdings Inc.,https://www.billtrust.com,EQT Private Equity,N/A,https://www.linkedin.com/company/billtrust,2001,B2B eCommerce Platform,"B2B Companies, Wholesale Distributors, Manufacturers","place online orders, manage product catalogs, view real-time inventory, access account-specific pricing, track order status, view order history, manage multiple shipping addresses, process digital payments","customizable storefronts, personalized pricing, inventory management, order management, mobile optimization, secure payment processing, customer account management, real-time inventory updates, order tracking, multi-location shipping support, integration with ERP systems",N/A,N/A,N/A,N/A,N/A,Software,SaaS,None,row_79
"Velaro, Inc.",velaro.com,Velaro Live Chat,https://velaro.com/product/live-chat,"Velaro, Inc.",https://velaro.com,N/A,N/A,https://www.linkedin.com/company/velaro,2000,Customer Support Software,"Business Owners, Customer Service Teams, Sales Teams, Enterprise Companies","engage with website visitors in real-time, route chats to appropriate agents, monitor visitor activity, create automated responses, generate chat reports, customize chat widgets, manage multiple chat sessions","real-time visitor monitoring, custom chat widgets, automated chat routing, chat analytics and reporting, visitor behavior tracking, file sharing, chat transcripts, multi-language support, proactive chat triggers, integration capabilities, mobile support, custom branding options",N/A,N/A,N/A,N/A,N/A,Software,SaaS,None,row_80
"Lexmark International, Inc.",lexmark.com,Lexmark X,https://www.lexmark.com/en_in/printers/printer/4259/Lexmark-X560n,"Lexmark International, Inc.",https://www.lexmark.com,Ninestar Corporation,https://en.wikipedia.org/wiki/Lexmark,https://www.linkedin.com/company/lexmark,1991,Color Laser Multifunction Printer,"Small to Medium Business Teams, Office Workgroups","print documents, scan papers, copy materials, send faxes, network printing, scan to email","color printing capability, network connectivity, multifunction capabilities, professional print quality, built-in ethernet, automatic document feeder, color scanning, digital copying",N/A,N/A,N/A,N/A,N/A,Software,SaaS,None,row_81
AudienceView Ticketing Corporation,audienceview.com,AudienceView Campus,https://audienceview.com/campus/,AudienceView Ticketing Corporation,https://audienceview.com,N/A,N/A,https://www.linkedin.com/company/audienceview,2002,Campus Ticketing and Event Management Platform,"College and University Event Managers, Campus Box Office Staff, University Athletics Departments, Campus Performing Arts Centers","sell tickets online, manage event registrations, process payments, create seating charts, track attendance, generate sales reports, manage student discounts, handle season subscriptions","mobile-responsive ticketing, student validation, flexible pricing rules, real-time reporting, integrated payment processing, season ticket management, multi-venue support, customer relationship management, access control integration, marketing tools",N/A,N/A,N/A,N/A,N/A,Software,SaaS,None,row_82
"Apriva, LLC",apriva.com,Apriva ISS,https://iss.apriva.com/,"Apriva, LLC",https://www.apriva.com,"Cantaloupe, Inc.",N/A,https://www.linkedin.com/company/apriva,1999,Payment Processing Platform,"Payment Service Providers, Merchants, Financial Institutions","process payments, manage transactions, view payment reports, handle merchant accounts, monitor payment activity","secure payment processing, merchant management, transaction reporting, real-time monitoring, payment gateway integration, PCI compliance, multi-channel payment support",N/A,N/A,N/A,N/A,N/A,Software,SaaS,None,row_83
"SmartBear Software, Inc.",smartbear.com,SwaggerHub Explore,https://swagger.io/api-hub/explore/,"SmartBear Software, Inc.",https://smartbear.com,Francisco Partners,N/A,https://www.linkedin.com/company/smartbear-software,2009,API Discovery and Documentation Platform,"API Developers, Software Engineers, API Product Managers, Development Teams","browse public APIs, view API documentation, test API endpoints, download API specifications, search for APIs by category, explore OpenAPI definitions","API documentation viewer, interactive API testing console, OpenAPI/Swagger specification support, API categorization, search functionality, public API repository access, API version comparison, API specification download",N/A,N/A,N/A,N/A,N/A,Software,SaaS,None,row_84
Medsphere Systems Corporation,medsphere.com,Medsphere OpenVista,https://www.medsphere.com/blog/medsphere-introduces-openvista-noteassist-to-transform-clinical/,Medsphere Systems Corporation,https://www.medsphere.com,N/A,https://en.wikipedia.org/wiki/Medsphere,https://www.linkedin.com/company/medsphere-systems-corporation,2002,Healthcare Information System,"Healthcare Providers, Clinicians, Medical Staff","create clinical notes, document patient encounters, generate medical documentation, access patient records, manage clinical workflows","clinical documentation tools, voice recognition, natural language processing, electronic health record integration, customizable templates, automated note generation, real-time documentation",N/A,N/A,N/A,N/A,N/A,Software,SaaS,None,row_85
"DSG, Inc.",dsg-us.com,eCaselink EDC,http://dsg-us.com/dsg-ecaselink-edc.html,"DSG, Inc.",https://www.dsg-us.com,N/A,N/A,https://www.linkedin.com/company/dsg-inc,1992,Electronic Data Capture System,"Clinical Research Organizations, Pharmaceutical Companies, Medical Researchers, Clinical Trial Managers","create electronic case report forms, collect clinical trial data, monitor trial progress, manage patient data, generate study reports, validate data entries","web-based interface, electronic data capture, real-time data validation, audit trail tracking, query management, role-based access control, regulatory compliance, customizable forms, data export capabilities, secure data storage",N/A,N/A,N/A,N/A,N/A,Software,SaaS,None,row_86
"Vertafore, Inc.",vertafore.com,Sircon for Agencies & Firms,https://www.sircon.com/products/agencies/index.jsp,"Vertafore, Inc.",https://www.vertafore.com,Roper Technologies,N/A,https://www.linkedin.com/company/vertafore,1969,Insurance Compliance and Distribution Management Platform,"Insurance Agencies, Brokerage Firms, Financial Services Companies","manage producer licensing, track continuing education requirements, process appointments, monitor compliance status, manage agency workflow, submit license applications, process carrier appointments","producer credential management, automated license renewal tracking, appointment processing, compliance monitoring, education tracking, workflow automation, integrated carrier connections, reporting and analytics, producer onboarding, credential verification",N/A,N/A,N/A,N/A,N/A,Software,SaaS,None,row_87
"AudioCodes, Ltd.",audiocodes.com,VoiceAI Connect,https://www.audiocodes.com/solutions-products/voiceai/voiceai-connect,AudioCodes Ltd.,https://www.audiocodes.com,N/A,https://en.wikipedia.org/wiki/AudioCodes,https://www.linkedin.com/company/audiocodes,1993,Voice Communication Integration Platform,"Enterprise Organizations, Contact Centers, System Integrators, Application Developers","integrate voice capabilities into applications, implement real-time voice analysis, deploy voice-based authentication, connect to various communication platforms, manage voice quality monitoring","WebRTC integration, voice biometrics, speech-to-text transcription, voice quality monitoring, API connectivity, cloud deployment options, multi-vendor compatibility, real-time analytics, voice security features, scalable architecture",N/A,N/A,N/A,N/A,N/A,Software,SaaS,None,row_88
"Ennov, Inc.",ennov.com,Ennov Quality,https://en.ennov.com/solutions/quality/,Ennov SAS,https://en.ennov.com,N/A,N/A,https://www.linkedin.com/company/ennov,1999,Quality Management System (QMS),"Life Sciences Companies, Pharmaceutical Organizations, Healthcare Providers, Quality Management Teams","manage quality documents, track deviations and CAPAs, handle change control, manage audits, monitor training compliance, track quality events, generate quality reports","document control, quality event management, training management, audit management, electronic signatures, regulatory compliance tracking, workflow automation, CAPA management, change control system, quality metrics dashboard, integration with other systems",N/A,N/A,N/A,N/A,N/A,Software,SaaS,None,row_89
SecureAuth Corporation,secureauth.com,Arculix by SecureAuth,https://docs.secureauth.com/arculix/en/arculix-by-secureauth-overview.html,SecureAuth Corporation,https://www.secureauth.com,N/A,N/A,https://www.linkedin.com/company/secureauth,2005,Identity and Access Management Platform,"Enterprise IT Teams, Security Administrators, Organizations","authenticate users, manage access controls, implement passwordless authentication, configure risk-based authentication, monitor user activities, manage identity lifecycle","passwordless authentication, risk-based authentication, behavioral biometrics, continuous authentication, multi-factor authentication, single sign-on (SSO), identity governance, adaptive authentication, AI/ML-based risk analysis, mobile authentication",N/A,N/A,N/A,N/A,N/A,Software,SaaS,None,row_90
"Stratio Big Data, Inc.",stratio.com,Stratio,https://stratioautomotive.com,"Stratio Big Data, Inc.",https://stratio.com,N/A,N/A,https://www.linkedin.com/company/stratio,2013,AI-Powered Vehicle Maintenance Platform,"Fleet Operators, Transportation Companies, Vehicle Maintenance Teams","monitor vehicle health, predict maintenance needs, schedule maintenance, track fleet performance, analyze vehicle diagnostics, manage maintenance workflows","predictive maintenance, real-time vehicle diagnostics, AI-powered fault detection, maintenance scheduling, fleet performance analytics, component failure prediction, maintenance cost optimization, automated maintenance alerts",N/A,N/A,N/A,N/A,N/A,Software,SaaS,None,row_91
"MedWorxs, LLC",medworxs.com,MedWorxs Evolution,https://www.medicalrecords.com/mrcbase/emr/medworxs-evolution?utm_source=chatgpt.com,MedWorxs LLC,https://www.medworxs.com,N/A,N/A,https://www.linkedin.com/company/medworxs,2001,Electronic Medical Records (EMR) Software,"Healthcare Providers, Medical Practices, Physicians, Clinical Staff","manage patient records, schedule appointments, process medical billing, document patient encounters, write prescriptions, track patient history","electronic health records management, appointment scheduling, medical billing integration, e-prescribing, clinical documentation, practice management tools, patient portal, HIPAA compliance",N/A,N/A,N/A,N/A,N/A,Software,SaaS,None,row_92
Typeform S.L.,typeform.com,Typeform Formless,https://formless.ai/,Typeform S.L.,https://www.typeform.com,N/A,N/A,https://www.linkedin.com/company/typeform,2012,AI-Powered Form Builder Platform,"Web Developers, Business Owners, Marketing Teams, UX Designers","Create conversational forms, Collect user data, Customize form designs, Integrate with other platforms, Analyze form responses, Generate AI-powered forms","AI form generation, Conversational interface, Custom styling options, Multi-platform integration, Response analytics, Mobile responsiveness, Branching logic, Data export capabilities, Real-time form preview",N/A,N/A,N/A,N/A,N/A,Software,SaaS,None,row_93
"ArangoDB, Inc.",arangodb.com,ArangoDB Oasis,https://arangodb.com/2019/11/arangodb-oasis-a-fully-managed-multi-model-database-service/,ArangoDB GmbH,https://www.arangodb.com,N/A,N/A,https://www.linkedin.com/company/arangodb,2014,Managed Multi-Model Database Service,"Database Administrators, DevOps Teams, Software Developers, Enterprise IT Teams","deploy database clusters, manage database scaling, monitor database performance, run queries across multiple data models, perform backups, manage security settings, integrate with applications","fully managed database service, multi-model database support (graph, document, key-value), automatic scaling, built-in security, automated backups, monitoring and metrics, cloud deployment options, high availability, global distribution, enterprise-grade SLAs",N/A,N/A,N/A,N/A,N/A,Software,SaaS,None,row_94
PointOS,pointos.com,PointOS Professional,https://oprod.pointos.com/help/helpbody.cfm?num=1&m=1,PointOS LLC,https://www.pointos.com,Shift4 Payments,N/A,https://www.linkedin.com/company/pointos,2001,Point of Sale (POS) Software,"Restaurant Owners, Bar Owners, Hospitality Business Managers","process payments, manage inventory, track sales, manage employee schedules, generate reports, handle customer tabs, process credit cards","inventory management, employee management, sales tracking, reporting tools, customer relationship management, credit card processing, tab management, table management, menu management, time clock functionality",N/A,N/A,N/A,N/A,N/A,Software,SaaS,None,row_95
"Encite, Inc.",encite.us,Encite EHR,https://www.encite.us/electronic-health-records,"Encite, Inc.",https://www.encite.us,N/A,N/A,N/A,N/A,Electronic Health Records (EHR) System,"Healthcare Providers, Medical Practices, Clinics, Physicians","manage patient records, schedule appointments, document clinical encounters, process medical billing, prescribe medications, track patient history, generate clinical reports","cloud-based platform, customizable templates, patient portal, e-prescribing, lab integration, appointment scheduling, billing management, HIPAA compliance, clinical documentation, secure messaging",N/A,N/A,N/A,N/A,N/A,Software,SaaS,None,row_96
Airtable,airtable.com,Airtable ProductCentral,https://www.airtable.com/solutions/product,"Airtable, Inc.",https://www.airtable.com,N/A,https://en.wikipedia.org/wiki/Airtable,https://www.linkedin.com/company/airtable,2012,Product Management Platform,"Product Managers, Product Teams, Product Developers, Stakeholders, Cross-functional Teams","Create product roadmaps, Track feature development, Manage product feedback, Coordinate product launches, Document product requirements, Organize customer research, Plan product sprints, Monitor development progress","Customizable workflows, Real-time collaboration, Visual roadmapping, Timeline views, Kanban boards, Document attachments, Team communication tools, Progress tracking, Custom fields, Automated notifications, Integration capabilities, Resource management, Sprint planning tools, Feedback collection",N/A,N/A,N/A,N/A,N/A,Software,SaaS,None,row_97
"OpenPro, Inc.",openpro.com,OpenPro CRM Software,https://openpro.com/crm/,"OpenPro, Inc.",https://openpro.com,N/A,N/A,https://www.linkedin.com/company/openpro-inc,1998,CRM Software,"Small to Mid-sized Businesses, Sales Teams, Customer Service Representatives","manage customer contacts, track sales leads, create sales quotes, monitor customer interactions, schedule follow-ups, generate sales reports, manage customer service tickets","contact management, lead tracking, sales pipeline management, customer service tracking, reporting and analytics, email integration, calendar management, mobile access, customer history tracking, sales forecasting",N/A,N/A,N/A,N/A,N/A,Software,SaaS,None,row_98
